Workbook
Name aa: MATCH(0.01,[0]!End_Bal,-1)+1
Name BLOQUE_GEOTECNIA: [2]APUs!$B$10:$B$11
Name BLOQUE_LINEAS: [2]APUs!$B$4:$B$8
Name COD_TARIFAS: [2]COD!$A$2:$A$919
Name CZN_south_perc: 0
Name Engine: #N/A
Name EspecialidadSubsuelo: [3]Back!$AJ$3:$AJ$5
Name Header_Row: ROW(#REF!)
Name Last_Row: IF([0]!Values_Entered,Header_Row+[0]!Number_of_Payments,Header_Row)
Name LLC_south_perc: 100
Name NA: [3]Back!$M$5
Name NOLOCALNACIDOS: [3]Back!$BK$3:$BK$14
Name Number_of_Payments: MATCH(0.01,End_Bal,-1)+1
Name Values_Entered: IF(Loan_Amount*Interest_Rate*Loan_Years*Loan_Start>0,1,0)

Sheet GIS
A1: SITIO | B1: Comunidad | C1: AHUYENTAMIENTO DE FAUNA | D1: DESPEJE TORRE | E1: EXCAVACIÓN | F1: SOLADO | G1: CIMENTACION | H1: ACERO DE REFUERZO | I1: CONCRETO | J1: RELLENO Y COMPACTACIÓN | K1: COOR_X | L1: COOR_Y | M1: Text
A2: T2N | B2: Utkap | C2: =IF(+'[1]Control obra'!AB7>0,"SI","NO") -> NO | D2: =+'[1]Control obra'!AZ7 -> 0 | E2: =+'[1]Control obra'!CA7 -> 0 | F2: =+'[1]Control obra'!CN7 -> 0 | G2: =+'[1]Control obra'!DB7 -> 0 | H2: =+'[1]Control obra'!DO7 -> 0 | I2: =+'[1]Control obra'!EB7 -> 0 | J2: =+'[1]Control obra'!EO7 -> 0 | K2: =+VLOOKUP(A2,[1]Torres!A:E,2,) -> 5107351.6 | L2: =+VLOOKUP(A2,[1]Torres!A:E,3,) -> 2840267.4 | M2: =VLOOKUP(GIS!B2,[1]Comunidades!A:E,1,FALSE) -> Utkap
A3: T3 | B3: Utkap | C3: =IF(+'[1]Control obra'!AB8>0,"SI","NO") -> NO | D3: =+'[1]Control obra'!AZ8 -> 0 | E3: =+'[1]Control obra'!CA8 -> 0 | F3: =+'[1]Control obra'!CN8 -> 0 | G3: =+'[1]Control obra'!DB8 -> 0 | H3: =+'[1]Control obra'!DO8 -> 0 | I3: =+'[1]Control obra'!EB8 -> 0 | J3: =+'[1]Control obra'!EO8 -> 0 | K3: =+VLOOKUP(A3,[1]Torres!A:E,2,) -> 5107730.9 | L3: =+VLOOKUP(A3,[1]Torres!A:E,3,) -> 2840100.7 | M3: =VLOOKUP(GIS!B3,[1]Comunidades!A:E,1,FALSE) -> Utkap
A4: T4 | B4: Utkap | C4: =IF(+'[1]Control obra'!AB9>0,"SI","NO") -> NO | D4: =+'[1]Control obra'!AZ9 -> 0 | E4: =+'[1]Control obra'!CA9 -> 0 | F4: =+'[1]Control obra'!CN9 -> 0 | G4: =+'[1]Control obra'!DB9 -> 0 | H4: =+'[1]Control obra'!DO9 -> 0 | I4: =+'[1]Control obra'!EB9 -> 0 | J4: =+'[1]Control obra'!EO9 -> 0 | K4: =+VLOOKUP(A4,[1]Torres!A:E,2,) -> 5108056.4 | L4: =+VLOOKUP(A4,[1]Torres!A:E,3,) -> 2839957.6 | M4: =VLOOKUP(GIS!B4,[1]Comunidades!A:E,1,FALSE) -> Utkap
A5: T5 | B5: Utkap | C5: =IF(+'[1]Control obra'!AB10>0,"SI","NO") -> NO | D5: =+'[1]Control obra'!AZ10 -> 0 | E5: =+'[1]Control obra'!CA10 -> 0 | F5: =+'[1]Control obra'!CN10 -> 0 | G5: =+'[1]Control obra'!DB10 -> 0 | H5: =+'[1]Control obra'!DO10 -> 0 | I5: =+'[1]Control obra'!EB10 -> 0 | J5: =+'[1]Control obra'!EO10 -> 0 | K5: =+VLOOKUP(A5,[1]Torres!A:E,2,) -> 5108135.2 | L5: =+VLOOKUP(A5,[1]Torres!A:E,3,) -> 2839681.1 | M5: =VLOOKUP(GIS!B5,[1]Comunidades!A:E,1,FALSE) -> Utkap
A6: T6 | B6: Utkap | C6: =IF(+'[1]Control obra'!AB11>0,"SI","NO") -> NO | D6: =+'[1]Control obra'!AZ11 -> 0 | E6: =+'[1]Control obra'!CA11 -> 0 | F6: =+'[1]Control obra'!CN11 -> 0 | G6: =+'[1]Control obra'!DB11 -> 0 | H6: =+'[1]Control obra'!DO11 -> 0 | I6: =+'[1]Control obra'!EB11 -> 0 | J6: =+'[1]Control obra'!EO11 -> 0 | K6: =+VLOOKUP(A6,[1]Torres!A:E,2,) -> 5108239 | L6: =+VLOOKUP(A6,[1]Torres!A:E,3,) -> 2839316.7 | M6: =VLOOKUP(GIS!B6,[1]Comunidades!A:E,1,FALSE) -> Utkap
A7: T7 | B7: Utkap | C7: =IF(+'[1]Control obra'!AB12>0,"SI","NO") -> NO | D7: =+'[1]Control obra'!AZ12 -> 0 | E7: =+'[1]Control obra'!CA12 -> 0 | F7: =+'[1]Control obra'!CN12 -> 0 | G7: =+'[1]Control obra'!DB12 -> 0 | H7: =+'[1]Control obra'!DO12 -> 0 | I7: =+'[1]Control obra'!EB12 -> 0 | J7: =+'[1]Control obra'!EO12 -> 0 | K7: =+VLOOKUP(A7,[1]Torres!A:E,2,) -> 5108048.7 | L7: =+VLOOKUP(A7,[1]Torres!A:E,3,) -> 2838872.1 | M7: =VLOOKUP(GIS!B7,[1]Comunidades!A:E,1,FALSE) -> Utkap
A8: T8 | B8: Mashuamana | C8: =IF(+'[1]Control obra'!AB13>0,"SI","NO") -> NO | D8: =+'[1]Control obra'!AZ13 -> 0 | E8: =+'[1]Control obra'!CA13 -> 0 | F8: =+'[1]Control obra'!CN13 -> 0 | G8: =+'[1]Control obra'!DB13 -> 0 | H8: =+'[1]Control obra'!DO13 -> 0 | I8: =+'[1]Control obra'!EB13 -> 0 | J8: =+'[1]Control obra'!EO13 -> 0 | K8: =+VLOOKUP(A8,[1]Torres!A:E,2,) -> 5107873 | L8: =+VLOOKUP(A8,[1]Torres!A:E,3,) -> 2838461.9 | M8: =VLOOKUP(GIS!B8,[1]Comunidades!A:E,1,FALSE) -> Mashuamana
A9: T9 | B9: Mashuamana Wane | C9: =IF(+'[1]Control obra'!AB14>0,"SI","NO") -> SI | D9: =+'[1]Control obra'!AZ14 -> 0.4 | E9: =+'[1]Control obra'!CA14 -> 0 | F9: =+'[1]Control obra'!CN14 -> 0 | G9: =+'[1]Control obra'!DB14 -> 0 | H9: =+'[1]Control obra'!DO14 -> 0 | I9: =+'[1]Control obra'!EB14 -> 0 | J9: =+'[1]Control obra'!EO14 -> 0 | K9: =+VLOOKUP(A9,[1]Torres!A:E,2,) -> 5107693.7 | L9: =+VLOOKUP(A9,[1]Torres!A:E,3,) -> 2838043.1 | M9: =VLOOKUP(GIS!B9,[1]Comunidades!A:E,1,FALSE) -> Mashuamana Wane
A10: T10 | B10: Mashuamana Wane | C10: =IF(+'[1]Control obra'!AB15>0,"SI","NO") -> SI | D10: =+'[1]Control obra'!AZ15 -> 1 | E10: =+'[1]Control obra'!CA15 -> 0 | F10: =+'[1]Control obra'!CN15 -> 0 | G10: =+'[1]Control obra'!DB15 -> 0 | H10: =+'[1]Control obra'!DO15 -> 0 | I10: =+'[1]Control obra'!EB15 -> 0 | J10: =+'[1]Control obra'!EO15 -> 0 | K10: =+VLOOKUP(A10,[1]Torres!A:E,2,) -> 5107500.8 | L10: =+VLOOKUP(A10,[1]Torres!A:E,3,) -> 2837592.6 | M10: =VLOOKUP(GIS!B10,[1]Comunidades!A:E,1,FALSE) -> Mashuamana Wane
A11: T11 | B11: Mashuamana Wane | C11: =IF(+'[1]Control obra'!AB16>0,"SI","NO") -> SI | D11: =+'[1]Control obra'!AZ16 -> 1 | E11: =+'[1]Control obra'!CA16 -> 0 | F11: =+'[1]Control obra'!CN16 -> 0 | G11: =+'[1]Control obra'!DB16 -> 0 | H11: =+'[1]Control obra'!DO16 -> 0 | I11: =+'[1]Control obra'!EB16 -> 0 | J11: =+'[1]Control obra'!EO16 -> 0 | K11: =+VLOOKUP(A11,[1]Torres!A:E,2,) -> 5107378.3 | L11: =+VLOOKUP(A11,[1]Torres!A:E,3,) -> 2837306.3 | M11: =VLOOKUP(GIS!B11,[1]Comunidades!A:E,1,FALSE) -> Mashuamana Wane
A12: T12 | B12: Mashuamana Wane | C12: =IF(+'[1]Control obra'!AB17>0,"SI","NO") -> SI | D12: =+'[1]Control obra'!AZ17 -> 1 | E12: =+'[1]Control obra'!CA17 -> 1 | F12: =+'[1]Control obra'!CN17 -> 1 | G12: =+'[1]Control obra'!DB17 -> 0 | H12: =+'[1]Control obra'!DO17 -> 1 | I12: =+'[1]Control obra'!EB17 -> 0.12 | J12: =+'[1]Control obra'!EO17 -> 0 | K12: =+VLOOKUP(A12,[1]Torres!A:E,2,) -> 5107022.7 | L12: =+VLOOKUP(A12,[1]Torres!A:E,3,) -> 2837166.4 | M12: =VLOOKUP(GIS!B12,[1]Comunidades!A:E,1,FALSE) -> Mashuamana Wane
A13: T13 | B13: Kamushipá | C13: =IF(+'[1]Control obra'!AB18>0,"SI","NO") -> SI | D13: =+'[1]Control obra'!AZ18 -> 1 | E13: =+'[1]Control obra'!CA18 -> 1 | F13: =+'[1]Control obra'!CN18 -> 1 | G13: =+'[1]Control obra'!DB18 -> 1 | H13: =+'[1]Control obra'!DO18 -> 1 | I13: =+'[1]Control obra'!EB18 -> 1 | J13: =+'[1]Control obra'!EO18 -> 1 | K13: =+VLOOKUP(A13,[1]Torres!A:E,2,) -> 5106568.9 | L13: =+VLOOKUP(A13,[1]Torres!A:E,3,) -> 2836987.7 | M13: =VLOOKUP(GIS!B13,[1]Comunidades!A:E,1,FALSE) -> Kamushipá
... A139: T138 | B139: LOS REMEDIOS | C139: =IF(+'[1]Control obra'!AB144>0,"SI","NO") -> NO | D139: =+'[1]Control obra'!AZ144 -> 0 | E139: =+'[1]Control obra'!CA144 -> 0 | F139: =+'[1]Control obra'!CN144 -> 0 | G139: =+'[1]Control obra'!DB144 -> 0 | H139: =+'[1]Control obra'!DO144 -> 0 | I139: =+'[1]Control obra'!EB144 -> 0 | J139: =+'[1]Control obra'!EO144 -> 0 | K139: =+VLOOKUP(A139,[1]Torres!A:E,2,) -> 5078704.2 | L139: =+VLOOKUP(A139,[1]Torres!A:E,3,) -> 2793912.6 | M139: =VLOOKUP(GIS!B139,[1]Comunidades!A:E,1,FALSE) -> #N/A
